,attribute_name,attribute_value
0,category,"bottom,blazers, coats, jacket,one piece,handbag,accessory,shoe,sweater,shoe,boot,booty,scarves, wrap,accessory,dress,one piece,pullover,sweater,pants, legging,bottom,button down,top,flat,shoe,shoe,pump heel,blazers, coats, jacket,jacket,shoe,sneaker athletic,bottom,pants, legging,bottom,skirt,wrap,blouse,top,shoe,booty,tee,top,blazers, coats, jacket,blazer,top,top,blouse,accessory,sandal,shoe,shoe,mule slide,pump heel,shoe,one piece,jumpsuit,skirt,bottom,one piece,dress,top,camisole,top,tee,top,button down,shoe,boot,blouse,top,camisole,top,top,blouse,button down,boot,shoe,romper,one piece,tank,top,shoe,sandal,jacket,blazers, coats, jacket,tunic,top,top,tank,blazer,blazers, coats, jacket,belt,accessory,shoe,flat,turtleneck,top,sandal,pump heel,shoe,top,tunic,blazers, coats, jacket,coat,accessory,handbag,henley,top,top,crop top,pants, legging,bottom,sweater,pullover,sweater,cardigan,coat,blazers, coats, jacket,top,puff sleeve,accessory,scarves, wrap,mule slide,shoe,lace up,top,blouse,top,wrap,top,bodysuit,top,vest,button down,wrap,peplum,top,sneaker athletic,shoe,jumpsuit,one piece,vest,top,crop top,top,booty,shoe,top,crop top,blouse,top,button down,hooded,active,sweatshirt, hoodie,pullover,top,turtleneck,bottom,short,top,mock neck,poncho,top,accessory,scarves, wrap,sweater,wrap,wrap,top,jacket,blazer,blazers, coats, jacket,sweatshirt, hoodie,pullover,short,bottom,pullover,sweatshirt, hoodie,booty,boot,shoe,top,blazers, coats, jacket,coat,jacket,blazers, coats, jacket,sweater coat,sweater,duster,top,hooded,sweatshirt, hoodie,top,blouse,tank,sweatshirt, hoodie,hooded,cardigan,sweater,sweater,hooded,cardigan,turtleneck,top,pullover,sweatshirt, hoodie,accessory,top,tee,cardigan,wrap,sweater,boot,shoe,booty,button down,top,blouse,sweatshirt, hoodie,cropped,crop top,top,tee,pump heel,sandal,shoe,top,wrap,accessory,scarves, wrap,booty,shoe,boot,crop top,top,sport bra,button down,blouse,top,top,button down,blouse,blouse,button down,top,top,blouse,lace up,button down,top,bodysuit,bodysuit,top,top,knit,blouse,turtleneck,top,puff sleeve,knit,top,sport bra,top,puff sleeve,top,puff sleeve,blouse,top,active,tank,top,top,crop top,button down,active,top,mock neck,tank,hooded,sweatshirt, hoodie,pullover,pullover,hooded,sweatshirt, hoodie,top,sport bra,active,tunic,sweater,active,top,peplum,button down,top,top,tank,blouse,sweater,sweater coat,mock neck,top,top,shell,tank,tank,top,tee,pullover,sweater,tunic,tee,top,blouse,sweater,tank,pullover,tee,active,top,peplum,top,accessory,belt,wedge,shoe,sweatshirt, hoodie,active,crop top,top,active,tank,tee,top,tank,tank,blouse,top,top,polo,crop top,blouse,top,cardigan,open,sweatshirt, hoodie,tank,top,bodysuit,pullover,sweatshirt, hoodie,cropped,active,top,turtleneck,tee,tank,top,oversized,hooded,pullover,sweatshirt, hoodie,tank,tee,top,tank,top,bodysuit,blouse,mock neck,top,tee,blouse,top,tee,blouse,tank,top,tee,top,mock neck,sweatshirt, hoodie,pullover,hooded,hooded,oversized,sweatshirt, hoodie,pullover,shoe,wedge,tunic,sweater,pullover,top,blouse,puff sleeve,hooded,sweater,puff sleeve,top,peplum,tank,active,top,shoe,slipper,hooded,cropped,pullover,sweatshirt, hoodie,top,active,sweatshirt, hoodie,cropped,pullover,sweatshirt, hoodie,cropped,pullover,hooded,crop top,active,top,sweatshirt, hoodie,pullover,hooded,cropped,sweatshirt, hoodie,hooded,pullover,mock neck,active,top,active,crop top,mock neck,top,active,top,tee,active,crop top,top,hooded,pullover,sweatshirt, hoodie,knit,top,top,puff sleeve,blouse,cropped,pullover,sweatshirt, hoodie,button down,puff sleeve,top,hooded,oversized,sweatshirt, hoodie,cropped,sweater,pullover,sweatshirt, hoodie,sweater,camisole,crop top,top,lace up,wrap,knit,tank,top,top,peplum,mock neck,button down,crop top,top,sunglass,accessory,accessory,sunglass,top,puff sleeve,crop top,wrap,sweater,tee,top,crop top,top,puff sleeve,blouse,button down,sweater,cropped,active,knit,top,tank,top,mock neck,top,shell,blouse,top,puff sleeve,hooded,sweatshirt, hoodie,active,crop top,bustier,top,top,peplum,top,active,knit,polo,top"
1,class,"tote bag,lace up,sheath,drop waist,denim jean,moto,lace top,tennis,slide,trouser,5 pocket pant non denim,body con,dress,double breasted,casual dress,trouser,shoulder bag,cross body bag,ankle trap,satchel,slingback,low top,lace top,Mary Jane,Aline,pencil,pleated,single breasted,ballet,denim,wrap,slouch,cross body bag,shoulder bag,dress,bootie,trapeze swing,drop waist,wrap,denim,pencil,asymmetrical,sweater dress,body con,tote bag,shoulder bag,espadrille,platform flatform,slide,peplum,slip dress,wrap,shirt dress,denim,espadrille,pool slide,slip on,slide,slingback,mule,slingback,cross body bag,wrap,Aline,shirt dress,trench,shoulder bag,tote bag,sundress,empire waist,overcoat,slip,bootie,dress,body con,slit,casual dress,slit,mule,loafer,paper bag waist,slit,shirt dress,5 pocket pant non denim,pea coat,lace top,low top,wrap,asymmetrical,asymmetrical,maxi,pencil,slit,maxi,trapeze swing,low top,bootie,tiered,cape, poncho, wrap,bike,body con,sundress,drop waist,anorak, raincoat, windbreaker,loafer,mule,pea coat,single breasted,overcoat,sheath,culotte,strappy,drop waist,legging,track pant,backpack,lace top,training,lace top,designer,laptops, briefcase,joggers, sweatpants,slip on,mule,cross body bag,clutch pouch,combat,bootie,lace up,shoulder bag,empire waist,slit,bomber varsity,belt bags, fanny pack,Aline,slip,vest,Chelsea,clutch pouch,dorsay,shift,shirt dress,teddy,pool slide,slide,mule,slip on,anorak, raincoat, windbreaker,pullover,pea coat,overcoat,pool slide,slip on,asymmetrical,wrap,Aline,trouser,joggers, sweatpants,active,body con,trench,overcoat,Chelsea,dress,cape, poncho, wrap,overcoat,denim jean,5 pocket pant non denim,lace top,training,maxi,casual dress,slide,mule,designer,clutch pouch,quilted,overcoat,bucket bag,5 pocket pant non denim,trouser,shirt dress,business casual dress,casual dress,sundress,mule,slide,lace up,ankle trap,bucket bag,shoulder bag,cross body bag,shirt dress,casual dress,active,beach bag,tote bag,trapeze swing,casual dress,trouser,legging,shirt dress,casual dress,Aline,slip on,slide,casual,ankle trap,strappy,trouser,denim jean,sheath,Aline,bootie,slouch,lace top,dad sneaker platform,cross body bag,bucket bag,button up,Aline,drop waist,trapeze swing,Aline,slip on,lace up,combat,slit,pencil,western cowboy,western cowboy,bootie,pencil,Aline,peplum,Aline,designer,shoulder bag,western cowboy,slouch,cape, poncho, wrap,faux fur,clutch pouch,tote bag,maxi,drop waist,strappy,ankle trap,sweater dress,Mary Jane,ankle trap,bootie,western cowboy,cross body bag,designer,bootie,Chelsea,high low,pleated,asymmetrical,slip,dad sneaker platform,lace top,low top,combat,5 pocket pant non denim,denim jean,shift,casual dress,sheath,business casual dress,asymmetrical,backless,parka puffer,slip,Aline,trucker,slip,asymmetrical,quilted,casual dress,Aline,shirt jacket,military utility,dress,Chelsea,maxi,Aline,cargo,cargo,5 pocket pant non denim,active,legging,full,shift,cheeky,denim,flip flop,satchel,designer,designer,hobo bag,lace top,high top,designer,tote bag,cargo,denim jean,drop waist,casual dress,pull on,asymmetrical,full,full,wrap,tshirt dress,5 pocket pant non denim,cargo,cargo,active,joggers, sweatpants,shoulder bag,designer,double prong,sock,shoulder bag,designer,clutch pouch,designer,cross body bag,slit,casual dress,Aline,wrap,Bermuda,lace up,bootie,hooded,active track,casual dress,maxi,chino khaki,denim,cutoff,active,tiered,asymmetrical,body con,active,bike,designer,wallet card case,cross body bag,hooded,parka puffer,cutoff,denim,body con,active,bootie,lace up,slingback,platform flatform,wrap,blazer dress,peep toe,legging,active,high top,dad sneaker platform,cross body bag,designer,shoulder bag,platform flatform,ankle trap,slingback,dad sneaker platform,loafer,business casual dress,shirt dress,strappy,espadrille,lace top,dad sneaker platform,low top,espadrille,slingback,blazer dress,joggers, sweatpants,trouser,wrap,full,Chelsea,western cowboy,logo,shift,sweater dress,Aline,casual dress,pull on,full,active track,motorcycle,high top,business casual dress,joggers, sweatpants,cargo,Bermuda,casual short,designer,cross body bag,satchel,hooded,overcoat,casual short,shoulder bag,clutch pouch,active track,military utility,joggers, sweatpants,active,backpack,shoulder bag,western cowboy,Chelsea,Bermuda,denim,distressed,active,cargo,legging,body con,pull on,active track,pullover,shirt dress,asymmetrical,casual short,Aline,hobo bag,wrap,Aline,distressed,cutoff,denim,ankle trap,espadrille,wrap,slit,anorak, raincoat, windbreaker,quilted,Aline,pleated,shirt dress,blazer dress,overcoat,double breasted,slip on,espadrille,overcoat,cape, poncho, wrap,oxford,lace top,low top,training,strappy,slide,tote bag,designer,platform flatform,slide,moccasin,lace up,rain,active,Aline,platform flatform,ankle trap,skort,ankle trap,platform flatform,low top,lace top,training,dad sneaker platform,lace top,low top,lace top,dad sneaker platform,designer,bucket bag,clutch pouch,cross body bag,high top,training,lace top,bike,bucket bag,designer,parka puffer,anorak, raincoat, windbreaker,slingback,strappy,slide,platform flatform,espadrille,ankle trap,training,lace top,high top,shoulder bag,designer,bucket bag,shoulder bag,bucket bag,designer,shoulder bag,bucket bag,shearling,Chelsea,backpack,designer,active,pleated,bucket bag,designer,shoulder bag,lace top,low top,dad sneaker platform,bucket bag,shoulder bag,designer,Aline,shirt dress,training,lace top,low top,slide,espadrille,low top,dad sneaker platform,lace top,low top,high top,tote bag,cross body bag,designer,espadrille,platform flatform,strappy,slingback,high low,Aline,tiered,business casual,casual,tiered,Aline,denim,casual,empire waist,tiered,slit,slip,duster,asymmetrical,Aline,denim,trucker,casual dress,trapeze swing,slip,slit,single breasted,denim,double breasted,trench,slit,slip dress,backless,casual dress,shirt dress,slit,slip dress,slit,active,slit,Aline,casual dress,asymmetrical,slit,asymmetrical,slip dress,slit,quilted,bomber varsity,Aline,slip dress,Aline,asymmetrical,casual short,denim,asymmetrical,wrap,high top,lace top,pullover,denim jean,trouser,5 pocket pant non denim,dad sneaker platform,slip on,dad sneaker platform,low top,drop waist,Aline,cateye,oversized,lace up,bootie,combat,denim,Aline,clutch pouch,designer,culotte,5 pocket pant non denim,denim jean,aviator teardrop,rectangular,maxi,empire waist,cateye,cross body bag,belt bags, fanny pack,oversized,rectangular,anorak, raincoat, windbreaker,parka puffer,aviator square,cutoff,denim,casual short,asymmetrical,pleated,denim,casual short,slit,maxi,oval,casual dress,tiered,pull on,Aline,Chelsea,rain,slingback,ankle trap,sweater dress,wrap,trouser,denim jean,5 pocket pant non denim,trucker,denim,casual dress,Aline,wrap,combat,motorcycle"
2,closure,"clasp,magnetic,lace,buttoned back,zip fly with button,buttoned front,zipper,none,zip fly with hook,back zip,wrap,tieback,magnetic,flap,ankle trap,zip up,halfway buttoned,side zip,strap,open,magnetic,buttoned front,belt,slingback,flap,magnetic,button front,open front,belted,belt,snap,belt,buttoned front,back zip,buttoned front,zipper,ankle trap,flap,flap,clasp,drawstring,belted,back zip,front zip with hook,clasp,buckle,lace,lock,flap,clasp,lock,snap,magnetic,front zip with button,zip up,snap,Velcro,front zip,buckle,Hook eye,flap,snap,hook,flap,zip up,wrap,belted,snap,flap,buckle,slingback,tie,halfway zipper,wrap,buttoned front,belted,wrap,belted,buttoned front,lace,buckle,belted,wrap,back zipper,flap,magnetic,zip up,belted,buttoned front,wrap,belted,zipper,open front,wrap,clasp,open,zip fly with hook,belt,tie neck,open,snap,halfway buttoned,open front,buttoned front,tie neck,button front,buttoned front,buttoned front,belted,wrap,buttoned front,belt,back zip,back tie,tie front,lock,drawstring,flap,tie front,buttoned back,open,clasp,hook,buttoned front,button front,zip fly with button,belt,clasp,lock,flap,flap,open,buttoned front,wrap,belt,buttoned back,lace,zipper,zipper,belted,belted,zipper,buttoned front,zipper,zip up,flap,buttoned back,belt,flap,drawstring,button front,front zip,14 zip,halfway zipper,magnetic,snap,drawstring,magnetic,flap,belt,zip fly with hook,magnetic,lock,lock,zipper,lace,belt,front zip,buckle,strap,snap,drawstring,hook and loop,slingback,hook and loop,drawstring,magnetic,snap,flap,lock,wrap,front zip,lock,magnetic,back zipper,zipper,belted,button front,belted,none,zipper,buttoned front,ankle trap,buckle,magnetic,zip up,snap,ankle trap,strap,magnetic,zip up,flap,14 zip,drawstring,flap,zip up,magnetic,flap,open,drawstring,flap,zip up,magnetic,wrap,belt,front zip,button front,buttoned front,belt,front zip,wrap,back zip,belt,zip fly with button,buckle,ankle trap,side zip,wrap,front zip,belt,tie,front zip,back zip,wrap,front zip,tie,twisted,front tie,slingback,buckle"
3,color,"beige,burgundy,light brown,black,black,dark brown,black,pink,gray,green,burgundy,beige,pink,black,multi,green,gray,black,gold,navy,burgundy,blue,pink,blue,black,white,blue,black,light brown,black,pink,navy,black,green,white,gray,navy,light brown,green,pink,black,multi,blue,pink,green,white,black,white,light brown,black,beige,navy,pink,black,navy,yellow,beige,black,dark brown,beige,black,gray,dark brown,light brown,beige,dark brown,silver,navy,multi,white,pink,navy,white,black,multi,dark brown,gold,white,beige,black,black,white,beige,white,black,burgundy,black,gold,orange,pink,navy,black,orange,navy,black,beige,green,yellow,purple,teal,pink,white,beige,white,red,dark brown,white,burgundy,pink,navy,purple,black,red,green,white,blue,black,red,white,black,orange,pink,black,white,white,beige,gray,beige,black,blue,white,navy,navy,white,black,red,green,yellow,navy,multi,gold,burgundy,green,dark brown,orange,black,pink,blue,red,green,multi,yellow,white,black,navy,gray,light brown,dark brown,white,black,navy,gray,black,black,pink,gray,white,red,light brown,gray,pink,blue,teal,multi,orange,navy,yellow,multi,gold,red,orange,purple,white,blue,white,black,white,red,navy,multi,navy,beige,beige,red,blue,navy,green,green,orange,blue,multi,white,yellow,black,pink,green,gray,pink,navy,burgundy,black,gray,white,gray,red,pink,blue,burgundy,black,gray,black,dark brown,light brown,navy,white,white,red,blue,multi,navy,black,navy,green,red,white,blue,yellow,navy,black,pink,gray,orange,navy,green,blue,red,pink,yellow,multi,green,pink,black,navy,blue,black,black,green,blue,white,gray,navy,black,white,yellow,white,blue,light brown,beige,black,black,red,green,white,burgundy,green,black,black,orange,green,black,pink,green,white,gray,blue,black,beige,light brown,dark brown,yellow,navy,orange,green,beige,pink,blue,pink,purple,black,beige,orange,multi,blue,gray,pink,green,red,purple,green,blue,red,black,dark brown,multi,white,black,pink,black,yellow,gray,beige,white,white,gray,pink,burgundy,white,navy,dark brown,yellow,teal,green,yellow,multi,pink,blue,white,black,gold,multi,orange,green,blue,white,purple,pink,white,green,teal,pink,green,white,multi,blue,red,orange,purple,pink,white,multi,red,green,white,gray,multi,beige,gold,black,white,orange,yellow,pink,multi,blue,orange,dark brown,green,pink,gold,white,beige,dark brown,blue,green,white,dark brown,multi,navy,burgundy,blue,blue,white,orange,multi,teal,beige,yellow,green,pink,white,navy,purple,gray,red,white,black,purple,red,black,light brown,navy,yellow,green,blue,navy,white,pink,blue,beige,gray,black,purple,black,white,red,dark brown,black,red,navy,pink,red,black,black,gray,green,black,pink,gray,black,white,dark brown,blue,navy,white,blue,white,gray,teal,black,pink,white,beige,black,multi,green,dark brown,pink,navy,yellow,multi,blue,pink,blue,dark brown,red,white,black,silver,yellow,gold,blue,navy,black,burgundy,black,green,dark brown,beige,dark brown,dark brown,black,multi,gold,blue,beige,black,burgundy,multi,white,pink,green,gold,gold,black,blue,green,yellow,green,burgundy,blue,red,pink,dark brown,teal,beige,green,black,gray,navy,pink,red,white,black,multi,gray,gray,red,white,blue,multi,black,pink,gold,multi,black,blue,red,blue,pink,gold,white,gray,black,blue,dark brown,light brown,dark brown,green,navy,light brown,black,beige,pink,red,beige,yellow,blue,white,burgundy,beige,gray,multi,dark brown,yellow,white,navy,orange,green,white,yellow,green,black,beige,white,dark brown,red,beige,dark brown,black,white,black,dark brown,dark brown,light brown,pink,gold,black,white,black,dark brown,beige,multi,red,white,light brown,dark brown,red,orange,gold,black,white,blue,navy,white,dark brown,gold,purple,white,pink,white,multi,red,yellow,green,blue,gold,white,gold,white,yellow,black,beige,green,dark brown,white,yellow,black,black,dark brown,gray,light brown,orange,white,gray,black,white,gold,navy,gray,beige,dark brown,gold,beige,black,dark brown,gold,white,green,beige,gray,black,white,black,blue,orange,white,burgundy,white,green,black,blue,dark brown,dark brown,black,light brown,beige,blue,dark brown,white,navy,gray,white,red,navy,burgundy,pink,orange,gray,green,orange,silver,white,gold,white,beige,dark brown,light brown,yellow,navy,white,red,blue,pink,green,multi,gold,blue,red,burgundy,white,multi,multi,blue,beige,white,gray,yellow,black,beige,multi,white,beige,light brown,navy,white,multi,black,gray,dark brown,black,white,black,green,white,white,blue,black,navy,beige,blue,black,yellow,white,dark brown,white,beige,black,gray,multi,red,dark brown,red,black,pink,gold,blue,yellow,orange,pink,multi,beige,multi,white,yellow,navy,orange,pink,teal,dark brown,gold,black,multi,navy,pink,dark brown,gold,dark brown,white,white,navy,green,white,black,purple,white,dark brown,white,teal,silver,white,white,dark brown,black,navy,blue,black,dark brown,beige,gray,beige,black,black,yellow,navy,green,red,blue,white,multi,beige,teal,white,gray,beige,white,blue,red,black,multi,multi,black,black,green,burgundy,black,gold,white,orange,black,gray,white,silver,purple,gold,silver,black,blue,green,black,purple,multi,pink,white,navy,red,white,dark brown,pink,gold,gold,blue,pink,yellow,light brown,pink,white,pink,orange,yellow,beige,multi,red,pink,orange,beige,blue,dark brown,gold,pink,green,black,gold,pink,white,gold,dark brown,white,gold,beige,gold,black,white,gold,blue,yellow,multi,pink,dark brown,black,red,navy,gray,white,white,silver,pink,black,navy,white,blue,black,gold,dark brown,black,white,gold,white,blue,beige,navy,orange,gold,green,blue,black,dark brown,beige,navy,white,black,pink,red,gray,orange,green,gold,orange,dark brown,blue,beige,pink,black,red,pink,white,gray,black,black,beige,navy,beige,light brown,gray,silver,dark brown,black,pink,orange,blue,yellow,orange,navy,gray,green,beige,gold,pink,gray,blue,dark brown,beige,gray,black,burgundy,blue,dark brown,black,white,blue,black,red,white,red,blue,white,black,gray,white,black,black,gray,white,red,white,red,black,gray,red,white,black,gray,white,pink,white,black,gray,gray,beige,light brown,beige,gray,white,dark brown,silver,multi,white,silver,dark brown,beige,black,green,white,blue,dark brown,pink,silver,light brown,multi,white,black,black,burgundy,dark brown,gold,dark brown,light brown,black,silver,white,white,gray,green,beige,black,multi,light brown,blue,navy,beige,multi,green,pink,green,blue,navy,black,gray,white,gray,multi,pink,white,blue,black,green,gray,yellow,light brown,gold,black,blue,dark brown,yellow,multi,dark brown,dark brown,white,black,pink,gray,navy,red,black,navy,gray,white,orange,blue,yellow,dark brown,yellow,black,multi,black,yellow,white,green,multi,dark brown,white,beige,blue,green,light brown,black,beige,dark brown,light brown,beige,blue,pink,blue,white,navy,beige,white,purple,dark brown,black,navy,white,pink,yellow,orange,blue,pink,black,white,green,white,black,light brown,yellow,white,black,black,beige,gold,white,blue,black,white,gray,black,navy,beige,black,white,white,green,gray,yellow,light brown,yellow,pink,white,light brown,black,pink,yellow,blue,multi,navy,light brown,white,blue,red,blue,green,white,yellow,black,beige,dark brown,light brown,blue,black,white,orange,green,multi,multi,pink,navy,gold,dark brown,red,dark brown,multi,red,multi,white,black,pink,beige,white,orange,burgundy,black,gold,blue,green,white,pink,yellow,multi,pink,white,light brown,multi,navy,yellow,black,dark brown,beige,black,white,dark brown,dark brown,pink,black,multi,navy,gray,pink,white,black,gray,red,gray,black,white,red,multi,red,black,white,navy,blue,black,light brown,gray,green,gray,yellow,blue,green,white,multi,blue,orange,black,orange,navy,pink,yellow,green,green,white,pink,black,white,gray,pink,green,pink,multi,multi,silver,white,purple,dark brown,green,multi,dark brown,orange,white,black,pink,red,white,beige,red,navy,green,yellow,black,green,orange,black,white,gray,white,black,green,light brown,multi,navy,beige,black,green,pink,white,gray,gold,yellow,white,gray,black,green,pink,black,light brown,white,black,white,red,pink,light brown,black,gold,white,pink,black,black,dark brown,white,light brown,navy,black,gray,light brown,white,black,blue,purple,black,white,gray,green,black,gray,white,blue,white,black,blue,blue,gold,navy,gray,green,light brown,white,pink,green,white,yellow,pink,yellow,dark brown,navy,light brown,pink,blue,black,white,burgundy,purple,black,beige,light brown,black,dark brown,white,white,light brown,light brown,black,red,white,multi,pink,beige,light brown,green,gray,yellow,white,black,blue,silver,gray,yellow,black,light brown,white,purple,beige,blue,pink,white,green,dark brown,blue,pink,black,gold,orange,light brown,white,red,navy,black,blue,white,light brown,white,dark brown,green,red,beige,yellow,white,red,navy,green,black,green,navy,red,pink,white,gold,black,white,gray,green,green,gray,blue,multi,white,navy,dark brown,red,pink,white,yellow,blue,red,beige,black,navy,light brown,light brown,green,green,navy,teal,multi,light brown,black,blue,red,light brown,navy,gray,black,white,pink,gold,white,red,pink,black,pink,gray,purple,white,black,white,green,black,gray,green,green,red,pink,blue,gray,light brown,white,yellow,dark brown,navy,black,black,white,pink,gold,light brown,black,white,yellow,multi,green,silver,pink,teal,black,white,black,purple,navy,gray,black,navy,gray,blue,gray,green,red,black,pink,green,gray,light brown,black,white,yellow,red,green,white,black,white,green,green,orange,red,dark brown,pink,black,black,navy,white,light brown,multi,black,pink,blue,white,orange,black,green,light brown,black,red,gold,green,white,gray,pink,black,light brown,green,white,black,white,navy,beige,gold,light brown,white,blue,multi,navy,light brown,beige,white,red,light brown,gray,black,silver,green,red,pink,light brown,silver,white,white,blue,yellow,gray,red,black,white,purple,white,navy,black,pink,white,black,green,gray,black,green,gray,orange,yellow,white,light brown,black,black,orange,pink,burgundy,dark brown,black,white,gray,blue,light brown,gray,black,pink,white,green,pink,blue,red,green,teal,red,green,blue,black,light brown,green,black,gray,beige,green,pink,white,blue,navy,black,pink,burgundy,light brown,red,black,beige,white,gold,red,black,black,multi,dark brown,gold,white,green,silver,light brown,black,pink,navy,blue,black,white,purple,yellow,dark brown,blue,yellow,blue,white,navy,black,blue,white,pink,gray,beige,black,light brown,white,red,black,yellow,dark brown,pink,blue,pink,green,yellow,white,red,navy,green,navy,blue,multi,red,purple,pink,dark brown,yellow,orange,purple,silver,black,black,white,orange,gray,blue,silver,red,yellow,black,navy,red,black,light brown,red,gold,red,gold,silver,purple,yellow,black,gray,blue,red,black,black,light brown,silver,dark brown,light brown,black,yellow,black,dark brown,light brown,black,silver,white,gray,beige,light brown,dark brown,silver,purple,white,blue,black,gray,white,black,purple,orange,gold,light brown,pink,red,blue,light brown,orange,beige,dark brown,white,white,light brown,red,beige,multi,blue,light brown,gray,beige,blue,red,white,gold,yellow,black,black,beige,light brown,dark brown,white,yellow,gray,beige,gold,silver,black,white,green,blue,pink,light brown,dark brown,red,black,teal,yellow,purple,blue,white,dark brown,dark brown,light brown,black,white,navy,pink,multi,gray,black,burgundy,pink,light brown,black,red,black,white,gray,red,green,light brown,navy,black,blue,black,light brown,black,silver,white,blue,pink,pink,gold,purple,orange,black,white,blue,silver,dark brown,light brown,black,pink,white,yellow,purple,navy,white,green,purple,pink,silver,black,beige,yellow,blue,red,gold,white,white,light brown,silver,dark brown,black,pink,red,light brown,pink,orange,blue,red,yellow,white,white,black,yellow,blue,pink,light brown,navy,white,pink,light brown,orange,blue,white,pink,green,black,beige,blue,beige,black,silver,gold,light brown,red,light brown,black,dark brown,pink,light brown,red,black,blue,orange,yellow,pink,white,gray,green,black,gray,black,blue,white,white,red,pink,red,yellow,navy,orange,green,pink,black,dark brown,white,yellow,gray,black,pink,red,silver,blue,orange,white,yellow,blue,red,pink,white,black,silver,pink,pink,dark brown,yellow,black,light brown,pink,burgundy,blue,white,purple,blue,red,burgundy,orange,black,beige,burgundy,yellow,black,gray,pink,dark brown,white,blue,black,beige,light brown,gold,red,blue,black,orange,pink,white,gray,blue,white,white,black,orange,beige,light brown,black,yellow,black,red,green,purple,pink,navy,white,black,green,dark brown,light brown,white,black,gold,black,silver,red,blue,black,multi,dark brown,light brown,white,gray,pink,blue,beige,silver,gold,black,gray,white,yellow,yellow,purple,black,white,gray,orange,black,beige,light brown,yellow,light brown,pink,white,white,light brown,beige,black,black,white,yellow,blue,purple,pink,red,white,purple,black,red,white,purple,gray,pink,white,red,black,white,orange,gray,white,light brown,blue,beige,black,purple,white,gray,pink,green,silver,black,pink,gold,white,red,yellow,pink,silver,orange,green,purple,black,gray,light brown,red,black,white,light brown,pink,beige,black,navy,light brown,white,yellow,black,red,gray,black,red,white,blue,gray,gold,silver,multi,beige,white,black,yellow,green,white,gray,beige,black,yellow,black,dark brown,silver,black,dark brown,navy,beige,black,beige,white,light brown,black,purple,silver,pink,gray,gray,blue,white,pink,burgundy,black,green,red,gray,gold,white,black,light brown,white,black,multi,black,white,black,white,gray,red,gold,purple,orange,light brown,blue,yellow,silver,gray,pink,light brown,beige,navy,black,white,dark brown,light brown,silver,green,gold,white,light brown,beige,pink,dark brown,black,white,yellow,black,white,yellow,pink,red,gray,burgundy,orange,pink,red,black,light brown,blue,dark brown,white,black,multi,pink,gold,black,white,orange,gray,light brown,black,navy,red,purple,green,white,white,purple,gold,gray,blue,burgundy,white,light brown,black,dark brown,pink,black,white,green,red,blue,white,red,green,pink,white,black,gray,blue,purple,gold,red,black,beige,gray,red,white,blue,pink,purple,yellow,black,pink,white,green,black,blue,white,gray,dark brown,light brown,dark brown,silver,black,beige,yellow,pink,black,white,orange,green,black,light brown,pink,black,white,gray,pink,white,multi,black,pink,green,white,gray,yellow,black,purple,green,black,yellow,orange,pink,beige,pink,black,multi,blue,light brown,white,silver,yellow,pink,black,green,blue,gold,black,white,pink,white,black,white,dark brown,gray,yellow,red,green,black,black,red,yellow,white,blue,light brown,white,black,dark brown,light brown,green,navy,red,white,purple,black,blue,blue,green,light brown,navy,light brown,yellow,black,silver,purple,dark brown,white,pink,black,blue,gray,dark brown,black,burgundy,beige,pink,black,red,black,light brown,yellow,white,yellow,black,orange,light brown,purple,green,gray,white,dark brown,black,light brown,green,gray,yellow,black,purple,red,blue,black,white,purple,yellow,beige,white,black,green,purple,dark brown,black,gold,gray,white,multi,gray,red,multi,multi,gray,blue,purple,blue,multi,multi,black,gold,purple,blue,multi,green,blue,red,red,blue,white,silver,multi,yellow,orange,pink,multi,purple,orange,multi,multi,white,red,purple,multi,multi,white,yellow,multi,pink,purple,multi,yellow,purple,pink,multi,red,black,blue,multi,black,blue,multi,pink,white,multi,navy,white,orange,pink,black,green,gold,red,dark brown,blue,white,black,white,black,blue,purple,black,light brown,dark brown,black,blue,white,gray,gold,navy,navy,blue,gray,green,dark brown,gold,black,multi,white,purple,pink,navy,multi,white,red,blue,black,multi,blue,multi,purple,blue,blue,white,red,blue,multi,red,red,blue,black,multi,black,blue,black,multi,red,light brown,dark brown,black,white,blue,green,black,gray,dark brown,green,black,white,white,black,beige,gray,black,white,blue,green,light brown,red,navy,dark brown,yellow,green,white,green,beige,gray,green,black,white,beige,red,beige,black,beige,green,white,gray,blue,black,white,beige,green,black,black,white,dark brown,green,beige,gray,white,blue,beige,green,black,black,light brown,dark brown,green,black,gray,burgundy,white,dark brown,yellow,white,black,blue,navy,red,yellow,white,black,gray,navy,white,navy,black,gray,white,blue,black,green,light brown,purple,black,white,light brown,black,green,red,green,beige,dark brown,dark brown,light brown,white,black,beige,white,blue,dark brown,green,navy,black,beige,multi,black,white,green,white,dark brown,green,multi,orange,white,orange,multi,dark brown,dark brown,orange,white,multi,dark brown,orange,multi,white,orange,pink,multi,white,orange,dark brown,orange,white,dark brown,multi,orange,white,multi,dark brown,green,black,multi,white,white,multi,orange,dark brown,multi,white,dark brown,orange,multi,green,dark brown,white,orange,dark brown,orange,green,multi,white,black,beige,green,light brown,beige,black,burgundy,black,dark brown,yellow,beige,beige,black,yellow,light brown,pink,green,white,blue,orange,yellow,multi,yellow,white,yellow,blue,gold,black,beige,gray,black,blue,beige,white,multi,dark brown,gold,light brown,silver,black,navy,green,white,black,pink,white,red,yellow,black,red,navy,black,green,beige,black,gold,gray,beige,multi,orange,burgundy,light brown,beige,black,dark brown,white,gold,light brown,dark brown,black,navy,gold,silver,red,black,beige,pink,blue,orange,navy,white,yellow,blue,pink,orange,beige,dark brown,white,light brown,beige,black,dark brown,light brown,pink,pink,light brown,dark brown,green,silver,blue,gold,pink,light brown,blue,purple,multi,yellow,blue,white,gray,black,gold,pink,black,white,beige,black,dark brown,orange,burgundy,white,light brown,navy,gold,orange,silver,blue,dark brown,gold,pink,multi,navy,gold,white,yellow,red,dark brown,black,yellow,multi,dark brown,beige,black,multi,dark brown,beige,black,dark brown,light brown,beige,dark brown,blue,navy,light brown,black,silver,green,white,light brown,yellow,white,white,orange,black,yellow,white,black,red,burgundy,green,dark brown,green,navy,orange,navy,orange,white,dark brown,red,yellow,white,beige,gray,black,light brown,dark brown,pink,gray,black,yellow,blue,black,red,blue,dark brown,navy,purple,blue,white,light brown,red,beige,green,pink,gold,white,pink,burgundy,beige,green,light brown,dark brown,green,gray,beige,light brown,white,black,black,white,multi,yellow,black,pink,white,yellow,navy,pink,yellow,beige,multi,white,black,dark brown,silver,black,beige,white,orange,blue,white,pink,green,yellow,white,navy,blue,red,pink,white,navy,black,dark brown,red,navy,white,pink,burgundy,white,navy,black,silver,beige,pink,blue,silver,yellow,red,black,red,multi,white,black,blue,orange,green,pink,dark brown,black,pink,beige,red,black,black,silver,beige,orange,gold,blue,black,yellow,dark brown,blue,white,gray,black"
4,dry_clean_only,"yes,no,yes,no,no,yes"
5,embellishment,"embroidery,mesh,trim,ruffle,embroidery,stud,buckle,mesh,lace,fringe,sequin,mesh,ruffle,trim,lace,trim,lace,mesh,fringe,trim,embroidery,ruffle,lace,mesh,buckle,stud,embroidery,lace,ruffle,embroidery,stud,embroidery,embroidery,stud,crystal,embroidery,beaded,beaded,crystal,buckle,rhinestone,stud,buckle,patch,stud,rhinestone,rhinestone,stud,epaulet,stud,buckle,embroidery,beaded,trim,ruffle,trim,trim,ruffle,mesh,embroidery,lace,trim,ruffle"
6,exposure,"closed toe,open toe,peep toe"
7,fit,"semifitted,relaxed,straight regular,relaxed,straight regular,fitted tailored,semifitted,relaxed,oversized,fitted tailored,semifitted,semifitted,oversized,oversized,relaxed,relaxed,oversized,relaxed,semifitted,semifitted,fitted tailored,relaxed,straight regular,semifitted,straight regular,relaxed,fitted tailored,straight regular,semifitted,oversized,semifitted,semifitted,straight regular,relaxed"
8,gender,woman
9,height,"low,ankle,medium,high,low,flat,medium,mid calf,over the knee,ankle,low,ankle,thigh high,medium,medium,knee high,low,thigh high,high,medium,low,mid calf,mid calf,medium,knee high,ankle,mid calf,low,mid calf,medium,mid calf,low,low,knee high,knee high,medium,medium,ankle,ankle,medium,high,ankle,high,knee high"
10,leg_style,"slim,wide leg,skinny,baggy,flare,boot cut,straight,straight,baggy,slim,straight,straight,wide leg,skinny,slim,baggy,straight,wide leg,baggy,straight,slim,boyfriend,slim,flare,wide leg,flare,baggy,wide leg,wide leg,straight,baggy,wide leg,boyfriend,slim,boot cut,boyfriend,slim,wide leg,slim,boot cut,slim,slim,boyfriend,straight,flare"
11,length,"sleeveless,knee length,long sleeve,mid length at hip,ankle,cropped,mid length at hip,long sleeve,long sleeve,cropped above waistline,regular,mini mid thigh and above,short sleeve,short at waistline,short sleeve,mid length at hip,mid length at hip,sleeveless,long sleeve,short above the knee,ankle,mid length at hip,short sleeve,sleeveless,midi mid calf,knee length,short above the knee,sleeveless,sleeveless,mid length at hip,midi mid calf,sleeveless,short above the knee,mid length at hip,sleeve,long sleeve,tall,cropped,long below hip,short sleeve,sleeve,mid length at hip,long sleeve,mini mid thigh and above,mini mid thigh and above,short sleeve,sleeveless,mid length at hip,short at waistline,long sleeve,short at waistline,long sleeve,midi mid calf,short,knee length,sleeveless,maxi at and below calf,long sleeve,short at waistline,sleeveless,mini mid thigh and above,sleeve,short at waistline,short sleeve,cropped above waistline,short sleeve,knee length,long sleeve,long sleeve,long below hip,cropped above waistline,long sleeve,short sleeve,maxi past calf and below,cropped above waistline,sleeveless,ankle,short at waistline,long sleeve,long sleeve,maxi at and below calf,midi mid calf,short sleeve,long sleeve,maxi past calf and below,midi mid calf,sleeve,maxi past calf and below,long sleeve,sleeve,knee length,short above the knee,short sleeve,cropped above waistline,sleeveless,sleeveless,maxi past calf and below,short sleeve,short above the knee,short sleeve,cropped above waistline,midi mid calf,long sleeve,sleeveless,cropped above waistline,maxi past calf and below,short sleeve,sleeve,short sleeve,high low,maxi past calf and below,mid 510,maxi past calf and below,sleeveless,mini mid thigh and above,long sleeve,mid length at hip,mini mid thigh and above,short above the knee,short sleeve,midi mid calf,sleeveless,long below hip,long sleeve,long below hip,sleeveless,sleeveless,long below hip,short 35,sleeveless,maxi at and below calf,cap sleeve,mid length at hip,short sleeve,long below hip,mid length at hip,maxi past calf and below,midi mid calf,short 35,very short 3,long sleeve,cropped above waistline,mid length at hip,short at waistline,long sleeve,mid length at hip,short at waistline,long sleeve,cropped above waistline,short sleeve,mini mid thigh and above,regular,cropped,long below hip,mid length at hip,long sleeve,maxi at and below calf,mid length at hip,long sleeve,maxi at and below calf,long sleeve,knee length,maxi at and below calf,long sleeve,mid length at hip,long sleeve,knee length,maxi at and below calf,knee length,midi mid calf,mid length at hip,short at waistline,long sleeve,sleeve,maxi at and below calf,mini mid thigh and above,sleeveless,cropped above waistline,short at waistline,sleeve,sleeveless,short at waistline,short above the knee,long sleeve,sleeve,short sleeve,short at waistline,cropped above waistline,sleeve,short at waistline,sleeve,knee length,long sleeve,mid length at hip,long sleeve,mid length at hip,short at waistline,sleeve,maxi past calf and below,long sleeve,sleeve,long below hip,short sleeve,long below hip,midi mid calf,knee length,sleeveless,cropped above waistline,cap sleeve,long sleeve,mid length at hip,knee length,sleeveless,midi mid calf,cap sleeve,long sleeve,knee length,short at waistline,cropped above waistline,sleeveless,cap sleeve,midi mid calf,sleeveless,mini mid thigh and above,short sleeve,midi mid calf,knee length,midi mid calf,cap sleeve,short sleeve,short above the knee,long sleeve,knee length,short sleeve,mini mid thigh and above,long sleeve,short above the knee,cropped,ankle,short above the knee,knee length,sleeveless,knee length,sleeveless,short above the knee,short at waistline,cropped above waistline,short sleeve,mid calf,short at waistline,sleeve,mid length at hip,cap sleeve,maxi past calf and below,midi mid calf,cap sleeve,short at waistline,cap sleeve,short at waistline,long 10,long below hip,sleeve,maxi past calf and below,cap sleeve,long sleeve,high low,very short 3,long below hip,cap sleeve,knee length,cap sleeve,mini mid thigh and above,cap sleeve,short sleeve,knee length,cropped above waistline,short above the knee,sleeve,cap sleeve,long below hip,sleeve,midi mid calf,midi mid calf,knee length,high low,long sleeve,sleeveless,capri,short above the knee,cap sleeve,cap sleeve,short above the knee,cropped above waistline,sleeve,sleeve,cropped above waistline,maxi past calf and below,sleeve,sleeve,maxi past calf and below,midi mid calf,cap sleeve"
12,material,"leather,suede,pure cashmere,synthetic,denim,cotton blend,spandex,silk,polyester,viscose,silk blend,spandex,silk blend,rayon,viscose,cotton blend,polyester,elastane,cotton blend,pure silk,cotton blend,synthetic,denim,cotton blend,cotton blend,denim,linen blend,cotton blend,pure cotton,faux leather,synthetic,linen blend,wool blend,synthetic,elastane,nylon,wool blend,nylon,spandex,synthetic,spandex,linen blend,spandex,synthetic,ramie,synthetic,silk blend,cotton blend,modal,synthetic,cotton blend,cotton blend,linen blend,synthetic,cotton blend,cotton blend,modal,pure cotton,synthetic,velvet,cotton blend,modal,cotton blend,synthetic,spandex,spandex,cotton blend,spandex,wool blend,synthetic,wool blend,denim,pure cotton,synthetic,suede,canvas,leather,synthetic,cotton blend,wool blend,viscose,polyester,synthetic,wool blend,spandex,cotton blend,modal,tweed,cotton blend,alpaca,wool blend,wool,leather,suede,faux leather,corduroy,synthetic,cotton blend,denim,pure wool,wool blend,cashmere blend,viscose,synthetic,cupro,faux leather,synthetic,pure cotton,faux leather,acetate,synthetic,pure wool,viscose,cotton blend,viscose,wool blend,synthetic,cotton blend,faux fur,synthetic,synthetic,pure cotton,wool blend,pure wool,wool blend,silk blend,synthetic,viscose,cashmere blend,silk blend,synthetic,pure wool,chenille,synthetic,pure linen,rayon,synthetic,linen blend,viscose,viscose,pure wool,faux leather,pure cotton,synthetic,rayon,synthetic,spandex,modal,pure cotton,polyester,synthetic,cashmere blend,wool blend,viscose,synthetic,rayon,denim,rayon,cupro,cotton blend,spandex,silk blend,cotton blend,silk blend,silk blend,wool blend,rayon,cotton blend,silk blend,viscose,denim,cotton blend,synthetic,spandex,polyester,acetate,satin charmeuse,metal,rayon,velvet,satin charmeuse,shearling,canvas,cotton blend,pure cotton,acrylic,satin charmeuse,leather,wool blend,alpaca,pure cotton,denim,cotton blend,polyester,synthetic,silk blend,cotton blend,viscose,polyester,synthetic,synthetic,mohair,cotton blend,cashmere blend,pure cashmere,spandex,polyester,synthetic,mohair,acrylic,synthetic,cotton blend,lyocell,rayon,linen blend,synthetic,polyester,faux leather,synthetic,leather,synthetic,satin charmeuse,wool blend,acetate,polyester,synthetic,elastane,rayon,synthetic,synthetic,acetate,viscose,cotton blend,mohair,synthetic,synthetic,pure silk,cotton blend,elastane,denim,silk blend,cashmere blend,wool blend,nylon,synthetic,polyester,acetate,synthetic,polyester,elastane,synthetic,synthetic,polyester,viscose,elastane,rayon,cupro,alpaca,synthetic,pure cotton,jersey knit,leather,straw,viscose,wool blend,viscose,acetate,pure cotton,velvet,leather,synthetic,wool blend,viscose,viscose,wool blend,cashmere blend,synthetic,polyester,cotton blend,synthetic,suede,leather,raffia,leather,wool blend,acrylic,synthetic,polyester,viscose,synthetic,nylon,cotton blend,synthetic,denim,cotton blend,synthetic,elastane,cotton blend,synthetic,viscose,mohair,pure cashmere,synthetic,silk blend,acetate,viscose,polyester,faux leather,synthetic,elastane,polyester,synthetic,acetate,viscose,synthetic,pure cotton,acetate,cotton blend,denim,synthetic,pure cotton,silk,suede,raffia,alpaca,synthetic,wool blend,linen blend,leather,cotton blend,elastane,synthetic,polyester,acrylic,wool blend,synthetic,pure silk,synthetic,viscose,elastane,synthetic,nylon,viscose,synthetic,silk blend,elastane,synthetic,linen,synthetic,synthetic,elastane,spandex,cupro,viscose,pure silk,viscose,spandex,rayon,linen blend,acrylic,faux fur,synthetic,cupro,acetate,acetate,polyester,synthetic,elastane,wool blend,synthetic,modal,spandex,viscose,silk blend,cotton blend,cupro,cotton blend,denim,rayon,silk blend,synthetic,viscose,rayon,wool blend,polyester,nylon,mohair,wool blend,polyester,rayon,polyester,nylon,alpaca,nylon,nylon,alpaca,polyester,wool blend,mohair,polyester,wool blend,rayon,silk blend,polyester,cotton blend,denim,elastane,cotton blend,pure silk,linen blend,cotton blend,wool blend,spandex,rayon,polyester,nylon,acetate,nylon,wool blend,elastane,denim,cashmere blend,linen blend,spandex,polyester,rayon,polyester,spandex,polyester,viscose,wool blend,tech,nylon,spandex,faux fur,cotton blend,synthetic,canvas,acetate,polyester,velvet,elastane,wool blend,nylon,cotton blend,viscose,chiffon,polyester,acetate,polyester,spandex,rayon,rayon,satin charmeuse,wool blend,cotton blend,alpaca,polyester,nylon,rayon,polyester,rayon,spandex,satin charmeuse,polyester,nylon,viscose,leather,silver,acetate,elastane,rayon,nylon,elastane,silk blend,pure wool,pure silk,cotton blend,elastane,modal,denim,pure silk,cotton blend,leather,suede,wool blend,spandex,cotton blend,nylon,acrylic,cotton blend,calf hair,acrylic,rayon,viscose,linen blend,cotton blend,rayon,cotton blend,cashmere blend,spandex,cashmere blend,nylon,faux fur,wool blend,viscose,nylon,spandex,polyester,rayon,wool blend,nylon,spandex,modal,cotton blend,modal,silk blend,rayon,polyester,elastane,denim,viscose,chambray,polyester,spandex,wool blend,elastane,brass,leather,spandex,modal,silk blend,spandex,rayon,rayon,spandex,silver,leather,silk blend,cashmere blend,cotton blend,viscose,acrylic,twill,faux leather,faux shearling,chenille,elastane,acetate,alpaca,modal,pure cotton,linen blend,polyester,crepe de chine,rayon,synthetic,spandex,elastane,viscose,spandex,rayon,synthetic,spandex,synthetic,rayon,satin charmeuse,silk blend,polyester,alpaca,acrylic,polyester,beaded,rayon,spandex,synthetic,spandex,modal,linen blend,cashmere blend,cashmere blend,cotton blend,synthetic,fleece,cotton blend,rayon,synthetic,leather,shearling,rayon,cotton blend,synthetic,polyester,denim,spandex,viscose,synthetic,elastane,gold,leather,denim,sateen,elastane,polyester,cotton blend,pure cotton,leather,cotton blend,metal,leather,patent leather,elastane,polyester,silk blend,elastane,snakeskin,wool,leather,calf hair,patent leather,suede,cotton blend,leather,spandex,nylon,suede,shearling,leather,cotton blend,metal,shearling,leather,leather,metal,linen blend,rayon,lyocell,linen blend,linen blend,lyocell,lyocell,denim,denim,linen blend,linen blend,denim,rayon,polyester,gold,suede,pure silk,viscose,wool blend,acrylic,faux fur,leather,viscose,polyester,mohair,polyester,acrylic,nylon,polyester,lyocell,polyester,elastane,viscose,cashmere blend,polyester,silk blend,polyester,polyester,silk blend,polyester,linen blend,faux leather,polyester,pony hair,acrylic,synthetic,leather,synthetic,suede,plastic,spandex,lyocell,nylon,denim,leather,calf hair,patent leather,leather,pure linen,lyocell,cotton blend,calf hair,leather,suede,leather,patent leather,pure cashmere,denim,leather,brass,modal,elastane,leather,calf hair,calf hair,gold,leather,synthetic,acrylic,rayon,wool blend,cupro,lyocell,cotton blend,acrylic,corduroy,denim,cupro,silk blend,pure cotton,ramie,elastane,synthetic,pure cotton,pure silk,linen,leather"
13,neckline,"high neck,collared,vneck,crew neck,mock neck,henley,halter,scoop neck,split neck,keyhole,turtleneck,boat neck,square neck,split neck,vneck,plunge neck,sweetheart,off shoulder,cowl neck,high neck,keyhole,vneck,plunge neck,strapless,collared,vneck,vneck,shawl collar,surplice,pussy bow,high neck,split neck,vneck,collared,mock neck,halter,pussy bow,turtleneck,mock neck,surplice,split neck,high neck,boat neck,plunge neck,vneck,collared,keyhole,tie neck,high neck,crew neck,crew neck,high neck,off shoulder,plunge neck,plunge neck,vneck,boat neck,scoop neck,vneck,sweetheart,mock neck,high neck,collared,tie neck,straight,square neck,scoop neck,henley,halter,high neck,vneck,tie neck,asymmetrical,tie neck,crew neck,pussy bow,high neck,tie neck,funnel,band collar,surplice,collared,tie neck,crew neck,crew neck,asymmetrical,high neck,collared,jewel,tie neck,vneck,keyhole,crew neck,mandarin collar,split neck,vneck,surplice,vneck,collared,mandarin collar,high neck,draped,collared,plunge neck,shawl collar,keyhole,halter,crew neck,boat neck,high neck,turtleneck,keyhole,high neck,straight,vneck,high neck,high neck,vneck,turtleneck,high neck,mandarin collar,cold shoulder,halter,surplice,collared,split neck,halter,pussy bow,halter,mock neck,asymmetrical,collared,high neck,asymmetrical,surplice,vneck,split neck,collared,one shoulder,halter,square neck,vneck,split neck"
14,occasion,"day tonight,work,day tonight,work,weekend,night out,weekend,day tonight,weekend,work,day tonight,weekend,work,day tonight,day tonight,night out,weekend,weekend,day tonight,work,weekend,weekend,night out,weekend,vacation,day tonight,day tonight,weekend,vacation,day tonight,night out,work,weekend,weekend,work,day tonight,night out,work,weekend,day tonight,work,vacation,day tonight,vacation,weekend,work,day tonight,night out,cold weather,day tonight,work,weekend,night out,night out,vacation,day tonight,work,weekend,work,night out,day tonight,weekend,vacation,weekend,day tonight,weekend,night out,work,day tonight,work,weekend,day tonight,weekend,day tonight,vacation,vacation,work,weekend,night out,day tonight,night out,day tonight,weekend,vacation,work,night out,day tonight,work,weekend,day tonight,work,night out,weekend,day tonight,vacation,day tonight,work,weekend,work,weekend,day tonight,vacation,weekend,work,night out,day tonight,work,night out,weekend,night out,day tonight,work,weekend,vacation,day tonight,night out,work,weekend,vacation,work,work,weekend,night out,work,night out,weekend,day tonight,weekend,day tonight,night out,vacation,work,weekend,day tonight,vacation,weekend,work,night out,day tonight,weekend,work,day tonight,night out,work,weekend,day tonight,night out,work,day tonight,vacation,weekend,day tonight,weekend,night out,work,day tonight,work,weekend,vacation,night out,work,day tonight,work,day tonight,weekend,night out,weekend,day tonight,vacation,weekend,night out,work,vacation,day tonight,day tonight,work,weekend,vacation,night out,weekend,vacation,workout,work,weekend,vacation,weekend,work,night out,day tonight,vacation,day tonight,weekend,workout,night out,day tonight,night out,weekend,work,weekend,work,day tonight,vacation,work,weekend,workout,vacation,workout,vacation,weekend,day tonight,work,work,night out,day tonight,vacation,weekend,night out,day tonight,work,weekend,weekend,vacation,day tonight,weekend,day tonight,weekend,night out,weekend,day tonight,vacation,night out,vacation,night out,weekend,day tonight,night out,work,weekend,work,vacation,night out,day tonight,weekend,night out,day tonight,weekend,day tonight,workout,weekend,day tonight,work,night out,day tonight,weekend,vacation,work,night out,day tonight,night out,weekend,workout,vacation,work,vacation,night out,work,weekend,day tonight,night out,day tonight,vacation,work,weekend,day tonight,work,vacation,weekend,workout,workout,weekend,night out,day tonight,work,day tonight,night out,vacation,workout,weekend,night out,work,day tonight,weekend,work,day tonight,night out,weekend,night out,vacation,weekend,day tonight,weekend,night out,vacation,work,day tonight,workout,weekend,work,night out,vacation,night out,work,day tonight,weekend,workout,day tonight,weekend,day tonight,work,night out,weekend,work,weekend,night out,day tonight,work,weekend,vacation,day tonight,work,workout,weekend,day tonight,workout,day tonight,weekend,workout,night out,day tonight,weekend,vacation,weekend,work,work,day tonight,weekend,night out,vacation,work,day tonight,weekend,night out,day tonight,weekend,work,work,night out,weekend,vacation,workout,weekend,day tonight,day tonight,workout,weekend,work,night out,vacation,day tonight,workout,weekend,work,workout,weekend,day tonight,weekend,night out,work,weekend,day tonight,night out,work,night out,weekend,work,day tonight,day tonight,vacation,weekend,work,night out,weekend,vacation,day tonight,work,vacation,weekend,night out,work,day tonight,vacation,weekend,work,weekend,vacation,day tonight,night out,day tonight,night out,weekend,cold weather,vacation,night out,weekend,day tonight,cold weather,weekend,day tonight,work,work,vacation,weekend,day tonight,day tonight,cold weather,day tonight,work,cold weather,weekend,day tonight,cold weather,weekend,day tonight,cold weather,work,cold weather,day tonight,cold weather,weekend,day tonight,weekend,cold weather,day tonight,cold weather,day tonight,weekend,work,work,cold weather,weekend,work,weekend,cold weather,night out,day tonight,cold weather,work,weekend,night out,cold weather,day tonight,work,weekend,cold weather,night out,day tonight,day tonight,vacation,cold weather,work,weekend,weekend,cold weather,weekend,night out,day tonight,cold weather,work,weekend,cold weather,day tonight,night out,vacation,night out,cold weather,vacation,work,weekend,day tonight,day tonight,night out,cold weather,work,weekend,work,day tonight,cold weather,weekend,day tonight,weekend,work,night out,cold weather,work,weekend,cold weather,day tonight,night out,weekend,cold weather,day tonight,work,cold weather,weekend,day tonight,night out,weekend,cold weather,work,day tonight,vacation,cold weather,weekend,night out,cold weather,work,day tonight,weekend,cold weather,night out,work,day tonight,weekend,day tonight,weekend,night out,work,cold weather,weekend,day tonight,night out,cold weather,cold weather,workout,weekend,vacation,night out,day tonight,work,weekend,work,night out,day tonight,weekend,cold weather,cold weather,day tonight,night out,work,weekend,cold weather,weekend,cold weather,night out,day tonight,weekend,workout,cold weather,weekend,work,night out,cold weather,day tonight,day tonight,night out,cold weather,work,night out,cold weather,work,day tonight,weekend,day tonight,night out,work,cold weather,day tonight,cold weather,night out,weekend,work,night out,cold weather,day tonight,weekend,weekend,cold weather,night out,day tonight,work,cold weather,night out,weekend,work,day tonight,vacation,day tonight,cold weather,weekend,day tonight,work,night out,work,day tonight,weekend,night out,cold weather,weekend,work,cold weather,night out,work,day tonight,cold weather,weekend,night out,cold weather,vacation,day tonight,night out,weekend,weekend,day tonight,cold weather,night out,cold weather,day tonight,work,day tonight,weekend,cold weather,night out,cold weather,day tonight,work,work,night out,day tonight,cold weather,day tonight,weekend,work,night out,weekend,day tonight,cold weather,work,night out,day tonight,cold weather,weekend,night out,work,work,day tonight,weekend,cold weather,weekend,day tonight,cold weather,work,cold weather,night out,weekend,work,day tonight,cold weather,weekend,cold weather,work,weekend,night out,cold weather,day tonight,work,cold weather,night out,weekend,cold weather,weekend,work,vacation,weekend,work,cold weather,night out,day tonight,work,night out,cold weather,weekend,day tonight,work,night out,cold weather,day tonight,weekend,night out,work,weekend,day tonight,cold weather,cold weather,work,day tonight,night out,work,cold weather,day tonight,night out,weekend,day tonight,work,night out,cold weather,weekend,day tonight,weekend,cold weather,work,night out,weekend,work,day tonight,cold weather,cold weather,work,night out,weekend,cold weather,work,day tonight,weekend,night out,vacation,night out,cold weather,day tonight,weekend,cold weather,day tonight,work,night out,cold weather,weekend,night out,workout,cold weather,weekend,night out,weekend,work,cold weather,night out,work,cold weather,day tonight,weekend,cold weather,work,day tonight,day tonight,work,night out,weekend,cold weather,day tonight,weekend,cold weather,night out,work,day tonight,work,night out,cold weather,work,weekend,night out,day tonight,cold weather,day tonight,cold weather,work,night out,weekend,cold weather,work,weekend,day tonight,work,cold weather,day tonight,weekend,night out,night out,cold weather,work,weekend,day tonight,work,cold weather,day tonight,weekend,day tonight,cold weather,weekend,work,day tonight,night out,cold weather,weekend,work,cold weather,day tonight,day tonight,weekend,cold weather,day tonight,work,weekend,cold weather,day tonight,weekend,work,cold weather,weekend,day tonight,vacation,work,night out,day tonight,cold weather,work,weekend,work,cold weather,night out,day tonight,weekend,weekend,work,day tonight,cold weather,night out,cold weather,night out,weekend,day tonight,day tonight,night out,work,cold weather,weekend,weekend,day tonight,night out,cold weather,work,work,night out,weekend,day tonight,cold weather,cold weather,weekend,work,day tonight,work,cold weather,night out,work,night out,day tonight,cold weather,weekend,night out,weekend,day tonight,work,cold weather,night out,weekend,cold weather,day tonight,night out,work,day tonight,workout,workout,day tonight,night out,vacation,work,day tonight,vacation,work,weekend,cold weather,day tonight,work,cold weather,weekend,day tonight,cold weather,day tonight,work,weekend,day tonight,work,cold weather,work,day tonight,cold weather,weekend,vacation,night out,night out,weekend,vacation,vacation,weekend,night out,cold weather,day tonight,night out,vacation,night out,vacation,work"
15,pattern,"floral,stripe vertical,logo,animal,plaid,stripe horizontal,tiedye,stripe,dot,paisley,tropical,stripe vertical,animal,geometric,animal,dot,abstract,color block,graphic,camouflage,abstract,animal,multi print,multi print,animal,abstract,geometric,geometric,stripe,monogram,abstract,geometric,animal,stripe vertical,tropical,houndstooth,pinstripe,logo,floral,plaid,dot,floral,animal,stripe,floral,graphic,logo,monogram,logo,stripe horizontal,logo,animal,stripe horizontal,stripe vertical,logo,graphic,animal,camouflage,animal,logo"
16,print,none
17,rise,"mid 89,high over 9,high over 9,mid 89,low under 8,low under 8,high over 9,high over 9,mid 89"
18,shape,"kitten,stiletto,cone,block,platform flatform,inward curve,wide,cone,stiletto,kitten,stiletto,wedge,rectangle,raised sole,monogram,oval"
19,sheer,"semisheer,sheer,sheer,semisheer,semisheer,sheer"
20,sizing,"regular,maternity,tall,regular,regular,tall,plus,regular,regular,plus"
21,strap,"leather,metal,synthetic,adjustable,faux leather,spaghetti,elastic stretch,pure cotton,suede,cotton blend,canvas"
22,style,"business casual,classic,boho,modern,classic,romantic,glam,classic,androgynous,casual,business casual,casual,classic,business casual,classic,business casual,modern,edgy,androgynous,modern,classic,casual,modern,business casual,edgy,business casual,modern,casual,romantic,glam,casual,classic,retro,modern,boho,modern,glam,edgy,classic,casual,modern,business casual,modern,classic,modern,business casual,casual,boho,modern,business casual,classic,casual,modern,modern,glam,casual,classic,boho,business casual,classic,modern,classic,casual,boho,edgy,casual,classic,retro,business casual,classic,boho,classic,casual,androgynous,casual,classic,casual,athleisure,romantic,modern,classic,casual,modern,romantic,business casual,modern,edgy,classic,business casual,modern,edgy,boho,classic,modern,casual,casual,classic,athleisure,modern,classic,business casual,androgynous,casual,modern,classic,casual,classic,androgynous,modern,business casual,classic,business casual,androgynous,modern,casual,boho,classic,androgynous,business casual,modern,androgynous,classic,modern,casual,androgynous,retro,classic,romantic,casual,glam,business casual,classic,casual,business casual,retro,business casual,classic,casual,edgy,modern,androgynous,androgynous,business casual,classic,modern,modern,classic,romantic,edgy,androgynous,glam,business casual,casual,romantic,boho,glam,modern,edgy,androgynous,business casual,classic,business casual,retro,casual,classic,modern,athleisure,classic,modern,androgynous,casual,glam,modern,classic,edgy,casual,androgynous,business casual,romantic,business casual,boho,retro,androgynous,modern,modern,business casual,classic,androgynous,casual,modern,casual,glam,romantic,edgy,casual,modern,casual,classic,classic,casual,business casual,modern,casual,classic,business casual,androgynous,casual,boho,business casual,retro,modern,edgy,casual,business casual,androgynous,glam,edgy,glam,modern,androgynous,business casual,classic,casual,modern,androgynous,classic,business casual,retro,glam,modern,romantic,business casual,boho,retro,androgynous,casual,modern,classic,casual,androgynous,modern,business casual,androgynous,boho,classic,casual,classic,boho,business casual,casual,androgynous,edgy,business casual,classic,modern,androgynous,classic,business casual,modern,casual,glam,edgy,glam,classic,modern,classic,boho,casual,business casual,romantic,retro,modern,casual,boho,business casual,casual,boho,romantic,retro,classic,modern,casual,business casual,androgynous,casual,romantic,classic,classic,casual,boho,casual,modern,classic,androgynous,business casual,casual,androgynous,classic,business casual,edgy,modern,retro,casual,romantic,business casual,casual,romantic,classic,androgynous,modern,business casual,business casual,glam,classic,modern,edgy,classic,modern,boho,casual,boho,casual,casual,romantic,casual,androgynous,modern,modern,boho,casual,business casual,androgynous,modern,business casual,androgynous,casual,androgynous,casual,modern,androgynous,retro,casual,boho,romantic,business casual,classic,romantic,edgy,modern,glam,androgynous,classic,business casual,classic,casual,business casual,modern,androgynous,androgynous,classic,business casual,modern,business casual,modern,classic,androgynous,business casual,modern,casual,classic,androgynous,glam,classic,romantic,modern,retro,classic,androgynous,business casual,modern,romantic,edgy,glam,business casual,modern,romantic,casual,classic,business casual,athleisure,casual,retro,classic,casual,business casual,modern,retro,glam,classic,casual,boho,classic,business casual,androgynous,modern,glam,classic,business casual,casual,classic,athleisure,androgynous,modern,glam,classic,casual,business casual,romantic,business casual,casual,classic,business casual,classic,androgynous,retro,glam,modern,business casual,androgynous,casual,edgy,classic,business casual,classic,casual,androgynous,modern,casual,business casual,classic,classic,athleisure,casual,modern,business casual,androgynous,classic,modern,business casual,androgynous,modern,classic,business casual,androgynous,casual,boho,classic,casual,classic,androgynous,business casual,modern,romantic,boho,business casual,casual,business casual,boho,casual,romantic,modern,classic,edgy,modern,edgy,modern,glam,casual,glam,modern,edgy,modern,casual,androgynous,casual,modern,romantic,retro,casual,classic,androgynous,modern,business casual,modern,edgy,casual,business casual,classic,androgynous,glam,modern,glam,business casual,glam,classic,romantic,boho,casual,boho,romantic,casual,business casual,modern,classic,androgynous,retro,retro,androgynous,edgy,modern,classic,modern,androgynous,business casual,romantic,casual,business casual,classic,retro,androgynous,androgynous,business casual,modern,glam,modern,edgy,modern,edgy,athleisure,glam,classic,androgynous,romantic,glam,edgy,modern,modern,edgy,modern,romantic,glam,classic,romantic,modern,glam,business casual,classic,boho,romantic,casual,androgynous,modern,modern,casual,androgynous,glam,romantic,modern,androgynous,edgy,glam,modern,glam,androgynous,modern,retro,business casual,classic,edgy,modern,glam,androgynous,androgynous,glam,modern,edgy,androgynous,retro,business casual,classic,classic,modern,androgynous,business casual,casual,classic,androgynous,retro,athleisure,modern,retro,romantic,androgynous,modern,edgy,androgynous,retro,edgy,glam,androgynous,modern,casual,classic,modern,romantic,glam,edgy,modern,business casual,androgynous,boho,romantic,modern,glam,androgynous,classic,androgynous,business casual,retro,romantic,casual,boho,androgynous,casual,classic,business casual,androgynous,modern,business casual,modern,classic,androgynous,glam,retro,glam,romantic,retro,boho,romantic,business casual,romantic,modern,retro,romantic,glam,androgynous,business casual,modern,androgynous,glam,casual,classic,androgynous,modern,retro,edgy,modern,classic,romantic,retro,romantic,casual,retro,romantic,androgynous,modern,romantic,athleisure,casual,casual,athleisure,edgy,androgynous,business casual,modern,glam,glam,edgy,classic,business casual,casual,androgynous,modern,androgynous,modern,glam,casual,edgy,androgynous,romantic,retro,boho,boho,romantic,casual,modern,edgy,business casual,retro,androgynous,romantic,boho,androgynous,modern,retro,androgynous,retro,business casual,modern,glam,boho,modern,athleisure,modern,casual,romantic,business casual,romantic,casual,classic,glam,modern,romantic,retro,androgynous,edgy,business casual,boho,casual,modern,romantic,glam,modern,androgynous,business casual,boho,romantic,modern,casual,business casual,androgynous,classic,modern,classic,business casual,androgynous,classic,business casual,modern,androgynous,business casual,retro,romantic,classic,classic,modern,classic,business casual,modern,classic,romantic,romantic,modern,androgynous,glam,edgy,casual,modern,business casual,androgynous,modern,athleisure,casual,modern,classic,androgynous,athleisure,modern,casual,modern,androgynous,classic,casual,athleisure,casual,androgynous,athleisure,androgynous,business casual,modern,classic,casual,business casual,modern,classic,romantic,modern,glam,androgynous,modern,edgy,glam,androgynous,classic,business casual,casual,athleisure,boho,modern,glam,classic,modern,romantic,classic,glam,business casual,androgynous,athleisure,casual,edgy,casual,modern,androgynous,business casual,classic,casual,classic,boho,androgynous,edgy,retro,romantic,modern,glam,romantic,classic,casual,classic,androgynous,modern,casual,edgy,athleisure,androgynous,modern,glam,romantic,classic,casual,androgynous,classic,casual,modern,athleisure,edgy,glam,romantic,athleisure,modern,edgy,androgynous,classic,romantic,business casual,casual,glam,modern,business casual,edgy,business casual,modern,classic,androgynous,casual,modern,classic,androgynous,casual,casual,romantic,classic,business casual,modern,romantic,casual,glam,romantic,modern,classic,business casual,androgynous,classic,modern,athleisure,casual,modern,androgynous,classic,retro,classic,modern,business casual,androgynous,classic,glam,androgynous,boho,casual,casual,androgynous,classic,modern,androgynous,classic,casual,business casual,classic,androgynous,modern,glam,romantic,androgynous,athleisure,modern,casual,classic,business casual,modern,glam,boho,romantic,androgynous,classic,casual,androgynous,edgy,athleisure,glam,romantic,business casual,edgy,modern,edgy,retro,androgynous,classic,casual,athleisure,classic,modern,romantic,glam,business casual,classic,romantic,retro,business casual,classic,androgynous,modern,classic,modern,androgynous,androgynous,glam,romantic,classic,retro,modern,modern,business casual,retro,androgynous,androgynous,modern,business casual,classic,casual,boho,androgynous,romantic,androgynous,classic,romantic,business casual,glam,modern,retro,edgy,casual,business casual,androgynous,modern,androgynous,business casual,modern,athleisure,casual,casual,boho,romantic,androgynous,retro,casual,classic,androgynous,business casual,modern,modern,business casual,boho,classic,casual,business casual,androgynous,modern,classic,modern,casual,modern,boho,casual,edgy,casual,androgynous,business casual,casual,classic,romantic,classic,casual,androgynous,modern,athleisure,casual,romantic,classic,casual,modern,androgynous,business casual,boho,casual,romantic,casual,modern,business casual,androgynous,business casual,romantic,androgynous,modern,athleisure,casual,androgynous,modern,casual,athleisure,androgynous,business casual,casual,modern,androgynous,modern,androgynous,athleisure,casual,athleisure,edgy,classic,androgynous,athleisure,casual,modern,androgynous,business casual,casual,casual,classic,modern,modern,classic,casual,athleisure,modern,casual,athleisure,androgynous,business casual,classic,casual,casual,edgy,modern,business casual,casual,retro,classic,business casual,androgynous,modern,casual,modern,romantic,edgy,business casual,glam,romantic,edgy,modern,business casual,glam,romantic,retro,androgynous,business casual,modern,romantic,glam,classic,androgynous,retro,casual,modern,business casual,retro,classic,romantic,modern,androgynous,business casual,classic,retro,glam,business casual,edgy,modern,romantic,casual,boho,retro,modern,business casual,classic,androgynous,modern,boho,casual,business casual,androgynous,edgy,business casual,modern,classic,androgynous,edgy,glam,business casual,modern,androgynous,glam,edgy,androgynous,business casual,edgy,retro,casual,modern,classic,casual,business casual,androgynous,modern,edgy,glam,retro,business casual,classic,modern,romantic,casual,boho,classic,romantic,business casual,business casual,classic,modern,androgynous,modern,classic,glam,modern,casual,androgynous,classic,casual,business casual,androgynous,modern,classic,business casual,glam,modern,edgy,androgynous,casual,modern,edgy,classic,casual,athleisure,glam,modern,classic,business casual,boho,casual,classic,business casual,androgynous,modern,classic,athleisure,modern,casual,androgynous,athleisure,casual,modern,edgy,casual,classic,androgynous,business casual,modern,modern,classic,androgynous,business casual,casual,classic,business casual,romantic,classic,classic,casual,androgynous,androgynous,casual,business casual,retro,business casual,classic,androgynous,casual,androgynous,business casual,modern,edgy,modern,romantic,glam,boho,modern,androgynous,business casual,classic,athleisure,casual,androgynous,edgy,modern,business casual,androgynous,modern,androgynous,edgy,glam,boho,modern,romantic,casual,modern,business casual,classic,classic,casual,romantic,modern,boho,androgynous,edgy,boho,androgynous,business casual,modern,retro,casual,retro,boho,casual,androgynous,romantic,classic,casual,romantic,glam,casual,modern,edgy,androgynous,retro,romantic,classic,business casual,glam,modern,edgy,classic,romantic,boho,casual,modern,business casual,edgy,androgynous,modern,classic,business casual,androgynous,classic,modern,business casual,romantic,modern,classic,glam,business casual,modern,romantic,casual,modern,boho,edgy,androgynous,modern,casual,retro,androgynous,glam,classic,business casual,business casual,modern,romantic,androgynous,androgynous,retro,casual,classic,glam,modern,classic,business casual,romantic,edgy,casual,androgynous,modern,modern,casual,boho,romantic,business casual,casual,modern,classic,business casual,athleisure,androgynous,modern,boho,classic,androgynous,romantic,business casual,boho,classic,casual,androgynous,classic,casual,boho,androgynous,classic,modern,casual,androgynous,androgynous,casual,athleisure,casual,modern,romantic,classic,business casual,casual,classic,modern,business casual,androgynous,casual,classic,modern,androgynous,glam,edgy,modern,androgynous,classic,business casual,classic,casual,modern,androgynous,casual,modern,retro,androgynous,casual,modern,boho,romantic,classic,modern,casual,boho,classic,casual,classic,business casual,androgynous,modern,casual,classic,androgynous,business casual,casual,modern,androgynous,athleisure,modern,classic,boho,androgynous,glam,modern,edgy,business casual,androgynous,romantic,casual,retro,androgynous,edgy,retro,casual,classic,classic,casual,modern,business casual,androgynous,modern,romantic,classic,business casual,modern,casual,androgynous,business casual,classic,casual,modern,romantic,casual,classic,athleisure,modern,androgynous,casual,classic,modern,business casual,romantic,glam,modern,glam,classic,romantic,glam,edgy,classic,romantic,glam,modern,edgy,romantic,classic,modern,edgy,casual,boho,retro,romantic,romantic,business casual,modern,modern,business casual,androgynous,business casual,modern,classic,romantic,business casual,modern,androgynous,romantic,romantic,boho,casual,casual,boho,romantic,business casual,boho,casual,modern,business casual,romantic,boho,modern,edgy,romantic,modern,casual,edgy,casual,modern,romantic,androgynous,business casual,glam,modern,edgy,androgynous,business casual,classic,androgynous,casual,business casual,modern,modern,edgy,classic,business casual,androgynous,modern,glam,edgy,androgynous,business casual,modern,business casual,edgy,androgynous,athleisure,androgynous,casual,modern,glam,modern,classic,romantic,business casual,classic,romantic,modern,classic,business casual,edgy,androgynous,casual,modern,classic,business casual,boho,modern,casual,business casual,modern,casual,boho,glam,romantic,classic,modern,business casual,edgy,business casual,modern,androgynous,classic,modern,casual,classic,athleisure,classic,casual,athleisure,modern,boho,modern,casual,androgynous,casual,modern,edgy,athleisure,casual,modern,glam,androgynous,boho,casual,androgynous,casual,modern,boho,androgynous,androgynous,classic,business casual,classic,modern,romantic,business casual,retro,casual,modern,business casual,glam,classic,casual,classic,modern,business casual,modern,classic,casual,androgynous,business casual,retro,classic,androgynous,classic,modern,casual,androgynous,business casual,modern,edgy,classic,casual,androgynous,glam,business casual,casual,modern,retro,business casual,boho,modern,casual,androgynous,classic,business casual,casual,classic,modern,romantic,business casual,androgynous,casual,edgy,business casual,casual,edgy,modern,retro,modern,edgy,casual,androgynous,casual,classic,androgynous,modern,casual,edgy,modern,androgynous,casual,edgy,modern,business casual,classic,androgynous,casual,boho,modern,androgynous,romantic,casual,boho,classic,modern,business casual,classic,androgynous,casual,classic,modern,edgy,glam,retro,casual,edgy,androgynous,casual,edgy,androgynous,classic,glam,modern,classic,modern,casual,edgy,classic,androgynous,modern,casual,glam,classic,romantic,casual,retro,androgynous,glam,modern,edgy,romantic,business casual,modern,glam,romantic,retro,romantic,glam,glam,modern,casual,edgy,retro,boho,modern,glam,glam,classic,modern,glam,androgynous,modern,androgynous,glam,romantic,modern,glam,romantic,modern,classic,glam,romantic,modern,glam,classic,boho,modern,androgynous,classic,romantic,modern,glam,modern,romantic,boho,romantic,business casual,boho,casual,romantic,boho,business casual,modern,classic,casual,romantic,classic,modern,business casual,romantic,casual,edgy,modern,business casual,androgynous,modern,glam,romantic,business casual,classic,business casual,romantic,modern,edgy,modern,casual,glam,business casual,boho,romantic,classic,retro,classic,classic,casual,androgynous,business casual,modern,boho,modern,casual,classic,androgynous,casual,modern,classic,androgynous,modern,casual,classic,androgynous,casual,romantic,retro,modern,boho,classic,classic,modern,glam,modern,boho,casual,business casual,classic,androgynous,edgy,modern,casual,androgynous,casual,retro,androgynous,business casual,classic,romantic,business casual,modern,romantic,glam,classic,casual,classic,boho,modern,casual,classic,androgynous,edgy,romantic,boho,modern,casual,modern,edgy,business casual,classic,casual,androgynous,business casual,classic,casual,athleisure,androgynous,casual,modern,classic,athleisure,edgy,androgynous,casual,edgy,casual,androgynous,boho,edgy,casual,business casual,androgynous,classic,boho,classic,casual,modern,casual,boho,edgy,classic,edgy,casual,glam,business casual,romantic,classic,casual,business casual,classic,business casual,retro,business casual,edgy,modern,casual,androgynous,edgy,modern,romantic,business casual,business casual,edgy,retro,casual,romantic,casual,classic,boho,casual,modern,classic,retro,casual,modern,edgy,modern,edgy,casual,casual,boho,modern,casual,edgy,androgynous,edgy,casual,edgy,androgynous,modern,androgynous,casual,edgy,modern,edgy,business casual,androgynous,androgynous,modern,casual,casual,modern,classic,modern,androgynous,edgy,modern,androgynous,casual,modern,business casual,edgy,casual,retro,romantic,casual,business casual,business casual,boho,casual,romantic,classic,casual,modern,casual,business casual,casual,business casual,romantic,romantic,classic,modern,romantic,casual,business casual,athleisure,business casual,classic,romantic,casual,casual,romantic,boho,retro,classic,business casual,casual,romantic,business casual,glam,glam,modern,casual,boho,edgy,romantic,boho,casual,edgy,casual,boho,modern,classic,business casual,androgynous,business casual,classic,modern,casual,business casual,casual,casual,business casual,edgy,classic,modern,edgy,boho,business casual,modern,casual,casual,classic,business casual,romantic,glam,edgy,classic,romantic,business casual,romantic,boho,glam,retro,classic,business casual,casual,boho,romantic,glam,boho,business casual,romantic,business casual,casual,classic,androgynous,edgy,casual,retro,business casual,romantic,glam,edgy,modern,business casual,casual,boho,androgynous,modern,casual,glam,classic,casual,business casual,edgy,classic,casual,retro,glam,edgy,romantic,classic,casual,modern,boho,casual,retro,classic,classic,androgynous,business casual,casual,romantic,edgy,romantic,edgy,modern,glam,business casual,glam,classic,edgy,modern,glam,classic,modern,casual,business casual,romantic,business casual,edgy,classic,romantic,glam,business casual,glam,edgy,romantic,modern,business casual,glam,casual,business casual,classic,modern,business casual,romantic,business casual,androgynous,casual,classic,casual,romantic,business casual,glam,casual,edgy,romantic,edgy,glam,edgy,androgynous,classic,glam,business casual,casual,edgy,romantic,romantic,business casual,romantic,edgy,romantic,edgy,casual,boho,romantic,business casual,romantic,classic,glam,glam,business casual,classic,glam,modern,business casual,classic,business casual,romantic,business casual,romantic,casual,edgy,casual,business casual,edgy,business casual,casual,modern,romantic,androgynous,casual,classic,casual,business casual,romantic,classic,retro,business casual,business casual,casual,retro,classic,modern,business casual,glam,casual,romantic,casual,retro,athleisure,retro,romantic,casual,business casual,modern,glam,androgynous,romantic,casual,retro,casual,modern,androgynous,edgy,athleisure,androgynous,casual,boho,casual,retro,androgynous,edgy,casual,modern,casual,modern,business casual,casual,boho,retro,casual,business casual,modern,romantic,casual,glam,business casual,casual,romantic,business casual,retro,casual,casual,romantic,business casual,boho,casual,business casual,romantic,edgy,retro,casual,boho,romantic,business casual,glam,romantic,classic,classic,romantic,glam,casual,edgy,retro,glam,retro,modern,business casual,casual,classic,business casual,glam,romantic,romantic,business casual,retro,retro,casual,glam,edgy,casual,glam,romantic,boho,retro,athleisure,casual,business casual,classic,romantic,casual,business casual,glam,modern,casual,edgy,classic,casual,edgy,business casual,romantic,boho,business casual,retro,romantic,boho,business casual,androgynous,classic,casual,classic,androgynous,athleisure,retro,casual,romantic,casual,edgy,casual,romantic,boho,classic,business casual,casual,edgy,edgy,romantic,glam,romantic,retro,classic,casual,business casual,athleisure,casual,business casual,casual,classic,romantic,classic,casual,edgy,athleisure,edgy,casual,modern,casual,modern,glam,romantic,edgy,glam,athleisure,casual,retro,androgynous,casual,business casual,casual,edgy,business casual,glam,edgy,modern,romantic,boho,modern,casual,glam,romantic,classic,business casual,edgy,classic,business casual,romantic,classic,androgynous,athleisure,modern,casual,casual,classic,edgy,casual,business casual,androgynous,retro,casual,edgy,romantic,glam,casual,business casual,romantic,casual,glam,classic,romantic,retro,business casual,boho,romantic,retro,casual,modern,edgy,business casual,edgy,modern,boho,edgy,casual,romantic,business casual,casual,boho,glam,casual,edgy,business casual,casual,romantic,business casual,casual,glam,boho,business casual,casual,modern,casual,edgy,classic,romantic,casual,edgy,glam,glam,edgy,casual,retro,modern,business casual,business casual,modern,romantic,classic,retro,romantic,casual,boho,modern,casual,glam,business casual,romantic,business casual,classic,retro,romantic,classic,business casual,retro,glam,casual,classic,androgynous,casual,edgy,modern,boho,casual,business casual,romantic,romantic,modern,casual,business casual,androgynous,business casual,business casual,edgy,androgynous,romantic,classic,business casual,boho,athleisure,classic,casual,casual,modern,athleisure,classic,athleisure,casual,modern,boho,edgy,glam,casual,classic,boho,modern,edgy,casual,retro,edgy,classic,boho,modern,casual,modern,boho,edgy,casual,athleisure,classic,athleisure,modern,casual,classic,boho,casual,modern,boho,casual,edgy,boho,casual,modern,classic,casual,edgy,classic,modern,edgy,modern,casual,boho,boho,modern,casual,edgy,casual,retro,athleisure,classic,boho,modern,classic,edgy,glam,athleisure,casual,edgy,modern,boho,modern,casual,classic,casual,edgy,classic,edgy,modern,androgynous,casual,classic,modern,business casual,glam,casual,edgy,classic,retro,casual,athleisure,modern,androgynous,modern,athleisure,casual,casual,modern,classic,boho,modern,edgy,casual,athleisure,retro,androgynous,casual,edgy,athleisure,androgynous,modern,modern,athleisure,athleisure,casual,modern,edgy,athleisure,modern,androgynous,modern,edgy,athleisure,casual,modern,androgynous,casual,athleisure,athleisure,casual,classic,modern,athleisure,androgynous,casual,androgynous,casual,modern,athleisure,athleisure,casual,classic,androgynous,edgy,modern,casual,classic,boho,athleisure,edgy,modern,casual,casual,androgynous,modern,boho,modern,boho,casual,classic,androgynous,athleisure,casual,retro,modern,casual,classic,boho,romantic,edgy,modern,androgynous,modern,casual,edgy,boho,modern,classic,casual,modern,glam,romantic,edgy,casual,edgy,modern,boho,casual,modern,boho,classic,edgy,business casual,modern,edgy,androgynous,casual,classic,casual,modern,boho,edgy,glam,boho,casual,modern,edgy,modern,androgynous,casual,classic,androgynous,casual,modern,androgynous,edgy,casual,boho,glam,modern,modern,boho,casual,edgy,classic,athleisure,modern,romantic,casual,casual,romantic,classic,modern,casual,modern,romantic,modern,business casual,androgynous,classic,casual,athleisure,androgynous,modern,modern,classic,boho,casual,casual,modern,athleisure,romantic,edgy,glam,business casual,athleisure,modern,androgynous,casual,edgy,casual,modern,boho,classic,androgynous,retro,business casual,androgynous,athleisure,casual,modern,boho,androgynous,classic,casual,casual,modern,boho,edgy,androgynous,casual,athleisure,modern,business casual,casual,androgynous,casual,edgy,business casual,boho,casual,business casual,casual,androgynous,business casual,modern,edgy,romantic,edgy,modern,androgynous,edgy,modern,business casual,casual,business casual,classic,modern,androgynous,romantic,glam,boho,edgy,business casual,androgynous,edgy,modern,boho,casual,casual,androgynous,classic,androgynous,modern,classic,business casual,modern,casual,boho,edgy,edgy,androgynous,casual,modern,retro,business casual,modern,boho,glam,casual,classic,modern,boho,retro,casual,androgynous,glam,modern,boho,retro,casual,boho,casual,androgynous,retro,boho,romantic,modern,modern,classic,casual,boho,modern,casual,romantic,boho,retro,business casual,classic,casual,modern,modern,casual,edgy,androgynous,casual,retro,boho,modern,casual,classic,edgy,classic,casual,edgy,modern,casual,edgy,modern,boho,classic,retro,boho,casual,casual,boho,modern,edgy,edgy,glam,modern,romantic,classic,retro,casual,boho,glam,classic,edgy,modern,romantic,classic,glam,modern,classic,retro,glam,boho,romantic,modern,casual,athleisure,edgy,androgynous,casual,modern,edgy,modern,business casual,classic,casual,boho,androgynous,classic,androgynous,classic,casual,classic,retro,edgy,modern,boho,edgy,casual,edgy,glam,modern,classic,business casual,classic,romantic,casual,classic,modern,glam,edgy,romantic,modern,casual,boho,classic,androgynous,modern,casual,edgy,athleisure,casual,romantic,classic,casual,boho,casual,romantic,modern,casual,athleisure,modern,classic,modern,classic,casual,boho,edgy,glam,classic,romantic,edgy,retro,classic,androgynous,classic,business casual,edgy,boho,modern,edgy,casual,boho,classic,modern,romantic,classic,retro,casual,boho,classic,modern,business casual,androgynous,edgy,modern,classic,glam,casual,edgy,modern,boho,casual,edgy,boho,modern,boho,classic,romantic,casual,edgy,casual,classic,classic,glam,modern,edgy,business casual,modern,classic,casual,modern,boho,classic,casual,classic,modern,business casual,edgy,romantic,casual,modern,modern,classic,edgy,edgy,boho,modern,casual,classic,modern,boho,retro,romantic,casual,boho,glam,edgy,classic,modern,classic,modern,casual,boho,edgy"
23,toe_style,"pointed toe,closed toe,open toe,round toe,closed toe,pointed toe,closed toe,square toe,square toe,pointed toe,round toe,peep toe"
24,trend,"raw hem,clean,trim,distressed,coated,patch"
25,wash,"light blue,black,medium blue,Grey,dark blue,white,black,dark blue,medium blue,light blue,denim,acid,raw"
26,width,"medium,narrow,medium,narrow,narrow,medium,skinny up to 1"
